-- =====================================================
-- TMS Seed Data - ข้อมูลตัวอย่าง
-- บริษัท ชื้อฮะฮวด อุตสาหกรรม จำกัด
-- รันใน Supabase SQL Editor หลังจากรัน tms-schema.sql แล้ว
-- =====================================================

-- ลบข้อมูลเก่า (ถ้ามี) ตาม dependency order
truncate "gpsLogs" cascade;
truncate deliveries cascade;
truncate "fuelLogs" cascade;
truncate maintenances cascade;
truncate shipments cascade;
truncate drivers cascade;
truncate routes cascade;
truncate vehicles cascade;

-- Reset shipment number sequence
alter sequence shipment_number_seq restart with 1;

-- =====================================================
-- 1. VEHICLES (8 คัน)
-- =====================================================
insert into vehicles (
  "vehicleId", "vehiclePlateNumber", "vehicleName", "vehicleType", "vehicleBrand", "vehicleModel",
  "vehicleYear", "vehicleColor", "vehicleVinNumber", "vehicleRegistrationExpiry", "vehicleInsuranceExpiry",
  "vehicleInsurancePolicy", "vehicleActExpiry", "vehicleCapacityKg", "vehicleFuelType",
  "vehicleCurrentMileage", "vehicleStatus", "vehicleNotes"
) values
  ('a0000001-0000-0000-0000-000000000001', '1ก-1234 กทม', 'รถบรรทุก 1 (ISUZU FRR)', 'truck', 'ISUZU', 'FRR 210',
   2021, 'ขาว', 'JALFRD21C10000001', '2026-06-15', '2026-08-20',
   'POL-INS-2024-001', '2026-07-10', 8000, 'diesel',
   85200, 'available', 'รถหลักสายกรุงเทพ-สมุทรปราการ'),

  ('a0000001-0000-0000-0000-000000000002', '2ก-5678 กทม', 'รถบรรทุก 2 (ISUZU NQR)', 'truck', 'ISUZU', 'NQR 150',
   2022, 'ขาว', 'JALFRD21C10000002', '2026-09-20', '2026-10-15',
   'POL-INS-2024-002', '2026-09-01', 6000, 'diesel',
   62300, 'in_use', 'สภาพดี เพิ่งเปลี่ยนยาง'),

  ('a0000001-0000-0000-0000-000000000003', '3ก-9012 กทม', 'รถบรรทุก 3 (HINO 500)', 'truck', 'HINO', '500 FC9J',
   2020, 'ขาว', 'JHDGH8J1XC0000003', '2026-03-10', '2026-04-05',
   'POL-INS-2024-003', '2026-03-25', 12000, 'diesel',
   120500, 'available', 'รถบรรทุกหนัก สายไกล'),

  ('a0000001-0000-0000-0000-000000000004', '4ก-3456 กทม', 'รถบรรทุก 4 (HINO 300)', 'truck', 'HINO', '300 XZU710',
   2023, 'ฟ้า', 'JHDGH8J1XC0000004', '2027-01-20', '2027-02-15',
   'POL-INS-2024-004', '2027-01-10', 8000, 'diesel',
   31000, 'available', null),

  ('a0000001-0000-0000-0000-000000000005', '5ข-7890 กทม', 'รถกระบะ 1 (Toyota Hilux)', 'pickup', 'Toyota', 'Hilux Revo',
   2023, 'เทา', 'MROER12G9N0000005', '2027-03-01', '2027-04-10',
   'POL-INS-2024-005', '2027-03-15', 1500, 'diesel',
   28500, 'available', 'สำหรับส่งของชิ้นเล็ก'),

  ('a0000001-0000-0000-0000-000000000006', '6ข-2345 กทม', 'รถตู้ 1 (Toyota Commuter)', 'van', 'Toyota', 'Commuter',
   2022, 'ขาว', 'MROER12G9N0000006', '2026-05-20', '2026-06-10',
   'POL-INS-2024-006', '2026-05-01', 1200, 'diesel',
   55800, 'in_use', 'รถตู้ส่งสินค้าเบา'),

  ('a0000001-0000-0000-0000-000000000007', '7ค-6789 กทม', 'รถบรรทุก 5 (ISUZU GXZ)', 'trailer', 'ISUZU', 'GXZ 360',
   2019, 'ขาว', 'JALFRD21C10000007', '2026-02-28', '2026-03-15',
   'POL-INS-2024-007', '2026-02-20', 20000, 'diesel',
   198000, 'maintenance', 'อยู่ระหว่างซ่อมเบรก'),

  ('a0000001-0000-0000-0000-000000000008', '8ค-1122 กทม', 'รถบรรทุก 6 (Mitsubishi Canter)', 'truck', 'Mitsubishi', 'Canter FE85',
   2018, 'ขาว', 'MMBJNK6508D000008', '2025-12-01', '2025-11-15',
   'POL-INS-2024-008', '2025-11-30', 7000, 'diesel',
   210000, 'retired', 'ปลดระวาง - สภาพเครื่องยนต์เสื่อม');


-- =====================================================
-- 2. DRIVERS (8 คน)
-- =====================================================
insert into drivers (
  "driverId", "driverFirstName", "driverLastName", "driverPhone", "driverLicenseNumber",
  "driverLicenseType", "driverLicenseExpiry", "driverRole", "driverStatus", "driverNotes"
) values
  ('b0000001-0000-0000-0000-000000000001', 'สมชาย', 'รักษาดี', '081-234-5678', 'DL-50100001',
   'type2', '2027-05-15', 'driver', 'available', 'ประสบการณ์ขับรถบรรทุก 10 ปี'),

  ('b0000001-0000-0000-0000-000000000002', 'วิชัย', 'ใจดี', '082-345-6789', 'DL-50100002',
   'type2', '2026-11-20', 'driver', 'on_duty', 'สายกรุงเทพ-ชลบุรี'),

  ('b0000001-0000-0000-0000-000000000003', 'ประยุทธ์', 'มานะ', '083-456-7890', 'DL-50100003',
   'type3', '2027-08-10', 'driver', 'available', 'ใบขับขี่ประเภท 3 - ขับรถพ่วงได้'),

  ('b0000001-0000-0000-0000-000000000004', 'สุรชัย', 'แสงทอง', '084-567-8901', 'DL-50100004',
   'type2', '2026-03-05', 'driver', 'available', 'ใบขับขี่ใกล้หมดอายุ!'),

  ('b0000001-0000-0000-0000-000000000005', 'อนันต์', 'วงษ์สุวรรณ', '085-678-9012', 'DL-50100005',
   'type2', '2027-02-28', 'driver', 'on_leave', 'ลาพักร้อน 15-28 ก.พ.'),

  ('b0000001-0000-0000-0000-000000000006', 'พิชัย', 'สมบูรณ์', '086-789-0123', 'DL-50100006',
   'type1', '2027-06-15', 'assistant', 'available', 'ผู้ช่วยคนขับ ช่วยยกของ'),

  ('b0000001-0000-0000-0000-000000000007', 'ธนา', 'เจริญผล', '087-890-1234', 'DL-50100007',
   'type1', '2026-09-30', 'assistant', 'on_duty', 'ผู้ช่วยคนขับ'),

  ('b0000001-0000-0000-0000-000000000008', 'กิตติ', 'พงษ์พิพัฒน์', '088-901-2345', 'DL-50100008',
   'type2', '2025-12-31', 'driver', 'inactive', 'ลาออก ธ.ค. 2025');


-- =====================================================
-- 3. ROUTES (8 เส้นทาง)
-- =====================================================
insert into routes (
  "routeId", "routeName", "routeOrigin", "routeOriginLat", "routeOriginLng",
  "routeDestination", "routeDestinationLat", "routeDestinationLng",
  "routeDistanceKm", "routeEstimatedMinutes", "routeNotes", "routeStatus"
) values
  ('c0000001-0000-0000-0000-000000000001', 'กรุงเทพ → สมุทรปราการ', 'โรงงาน CHH (บางนา)', 13.6700000, 100.6400000,
   'นิคมอุตสาหกรรม บางปู', 13.5150000, 100.6670000,
   45, 60, 'เส้นทางบางนา-ตราด ไม่ผ่านด่าน', 'active'),

  ('c0000001-0000-0000-0000-000000000002', 'กรุงเทพ → นนทบุรี', 'โรงงาน CHH (บางนา)', 13.6700000, 100.6400000,
   'ศูนย์กระจายสินค้า นนทบุรี', 13.8621000, 100.5144000,
   30, 45, 'ผ่านทางด่วนศรีรัช', 'active'),

  ('c0000001-0000-0000-0000-000000000003', 'กรุงเทพ → ปทุมธานี', 'โรงงาน CHH (บางนา)', 13.6700000, 100.6400000,
   'โรงงานลูกค้า คลองหลวง', 14.0655000, 100.6452000,
   40, 50, 'ผ่านทางด่วนรามอินทรา', 'active'),

  ('c0000001-0000-0000-0000-000000000004', 'กรุงเทพ → ชลบุรี', 'โรงงาน CHH (บางนา)', 13.6700000, 100.6400000,
   'นิคมอุตสาหกรรม อมตะนคร', 13.2340000, 101.0000000,
   120, 150, 'มอเตอร์เวย์ 7 - ระวังรถติดช่วงเช้า', 'active'),

  ('c0000001-0000-0000-0000-000000000005', 'กรุงเทพ → อยุธยา', 'โรงงาน CHH (บางนา)', 13.6700000, 100.6400000,
   'นิคมอุตสาหกรรม ไฮเทค', 14.3520000, 100.5686000,
   85, 100, 'ถนนสายเอเชีย (ทล.1)', 'active'),

  ('c0000001-0000-0000-0000-000000000006', 'กรุงเทพ → สมุทรสาคร', 'โรงงาน CHH (บางนา)', 13.6700000, 100.6400000,
   'โรงงานลูกค้า มหาชัย', 13.5475000, 100.2741000,
   55, 70, 'ผ่านพระราม 2', 'active'),

  ('c0000001-0000-0000-0000-000000000007', 'กรุงเทพ → ระยอง', 'โรงงาน CHH (บางนา)', 13.6700000, 100.6400000,
   'นิคมอุตสาหกรรม มาบตาพุด', 12.6800000, 101.1550000,
   200, 180, 'มอเตอร์เวย์ 7 ต่อ 36', 'active'),

  ('c0000001-0000-0000-0000-000000000008', 'กรุงเทพ → นครปฐม', 'โรงงาน CHH (บางนา)', 13.6700000, 100.6400000,
   'ตลาดกลาง นครปฐม', 13.8197000, 100.0620000,
   65, 80, 'ผ่านถนนเพชรเกษม', 'inactive');


-- =====================================================
-- 4. SHIPMENTS (20 รายการ - ย้อนหลัง 6 เดือน)
-- =====================================================
insert into shipments (
  "shipmentId", "shipmentDate", "shipmentCustomerName", "shipmentCustomerPhone",
  "shipmentCustomerAddress", "shipmentOrigin", "shipmentDestination",
  "shipmentDestinationLat", "shipmentDestinationLng", "shipmentRouteId",
  "shipmentVehicleId", "shipmentDriverId", "shipmentAssistantId",
  "shipmentSalesOrderRef", "shipmentItemsSummary", "shipmentWeightKg",
  "shipmentStatus", "shipmentDispatchedAt", "shipmentDeliveredAt", "shipmentNotes"
) values
  -- เดือน ก.ย. 2025
  ('d0000001-0000-0000-0000-000000000001', '2025-09-05',
   'บริษัท สยามซีเมนต์ จำกัด', '02-111-2222', '123 ถ.สุขุมวิท สมุทรปราการ',
   'โรงงาน CHH', 'นิคมอุตสาหกรรม บางปู', 13.5150000, 100.6670000,
   'c0000001-0000-0000-0000-000000000001',
   'a0000001-0000-0000-0000-000000000001', 'b0000001-0000-0000-0000-000000000001', 'b0000001-0000-0000-0000-000000000006',
   'SO-2025-0901', 'ท่อ PVC 4นิ้ว x200, ข้อต่อ x500', 3200,
   'pod_confirmed', '2025-09-05 08:30:00+07', '2025-09-05 10:45:00+07', null),

  ('d0000001-0000-0000-0000-000000000002', '2025-09-12',
   'บริษัท ไทยพลาสติก จำกัด', '02-222-3333', '456 ถ.แจ้งวัฒนะ นนทบุรี',
   'โรงงาน CHH', 'ศูนย์กระจายสินค้า นนทบุรี', 13.8621000, 100.5144000,
   'c0000001-0000-0000-0000-000000000002',
   'a0000001-0000-0000-0000-000000000002', 'b0000001-0000-0000-0000-000000000002', null,
   'SO-2025-0902', 'แผ่นพลาสติก PE x100, ถุง HD x2000', 1800,
   'pod_confirmed', '2025-09-12 07:00:00+07', '2025-09-12 09:30:00+07', null),

  -- เดือน ต.ค. 2025
  ('d0000001-0000-0000-0000-000000000003', '2025-10-03',
   'บริษัท อมตะ อิเล็กทรอนิกส์ จำกัด', '038-111-222', '789 นิคมอมตะนคร ชลบุรี',
   'โรงงาน CHH', 'นิคมอุตสาหกรรม อมตะนคร', 13.2340000, 101.0000000,
   'c0000001-0000-0000-0000-000000000004',
   'a0000001-0000-0000-0000-000000000003', 'b0000001-0000-0000-0000-000000000003', 'b0000001-0000-0000-0000-000000000007',
   'SO-2025-1001', 'อะไหล่เครื่องจักร x50, น็อต x10000', 5500,
   'pod_confirmed', '2025-10-03 06:00:00+07', '2025-10-03 11:30:00+07', 'ส่งถึงเร็วกว่ากำหนด'),

  ('d0000001-0000-0000-0000-000000000004', '2025-10-15',
   'บริษัท ไทยซัมมิท จำกัด', '02-333-4444', '321 ถ.รังสิต-นครนายก คลองหลวง',
   'โรงงาน CHH', 'โรงงานลูกค้า คลองหลวง', 14.0655000, 100.6452000,
   'c0000001-0000-0000-0000-000000000003',
   'a0000001-0000-0000-0000-000000000004', 'b0000001-0000-0000-0000-000000000001', 'b0000001-0000-0000-0000-000000000006',
   'SO-2025-1002', 'ชิ้นส่วนยานยนต์ x300', 4200,
   'pod_confirmed', '2025-10-15 08:00:00+07', '2025-10-15 10:15:00+07', null),

  ('d0000001-0000-0000-0000-000000000005', '2025-10-22',
   'บริษัท เอส.พี.เมทัล จำกัด', '02-444-5555', '55/1 ถ.สุขุมวิท สมุทรปราการ',
   'โรงงาน CHH', 'นิคมอุตสาหกรรม บางปู', 13.5150000, 100.6670000,
   'c0000001-0000-0000-0000-000000000001',
   'a0000001-0000-0000-0000-000000000001', 'b0000001-0000-0000-0000-000000000002', null,
   'SO-2025-1003', 'เหล็กแผ่น x80, ท่อเหล็ก x150', 6800,
   'delivered', '2025-10-22 07:30:00+07', '2025-10-22 09:45:00+07', null),

  -- เดือน พ.ย. 2025
  ('d0000001-0000-0000-0000-000000000006', '2025-11-02',
   'บริษัท เจริญโภคภัณฑ์ จำกัด', '02-555-6666', '888 ถ.สีลม กรุงเทพ',
   'โรงงาน CHH', 'ศูนย์กระจายสินค้า นนทบุรี', 13.8621000, 100.5144000,
   'c0000001-0000-0000-0000-000000000002',
   'a0000001-0000-0000-0000-000000000002', 'b0000001-0000-0000-0000-000000000003', 'b0000001-0000-0000-0000-000000000007',
   'SO-2025-1101', 'บรรจุภัณฑ์ x5000, กล่อง x3000', 2500,
   'pod_confirmed', '2025-11-02 08:00:00+07', '2025-11-02 10:00:00+07', null),

  ('d0000001-0000-0000-0000-000000000007', '2025-11-10',
   'บริษัท ไทยออยล์ จำกัด', '038-222-333', '999 นิคมมาบตาพุด ระยอง',
   'โรงงาน CHH', 'นิคมอุตสาหกรรม มาบตาพุด', 12.6800000, 101.1550000,
   'c0000001-0000-0000-0000-000000000007',
   'a0000001-0000-0000-0000-000000000003', 'b0000001-0000-0000-0000-000000000003', 'b0000001-0000-0000-0000-000000000006',
   'SO-2025-1102', 'วาล์วอุตสาหกรรม x200, ท่อสแตนเลส x100', 7800,
   'pod_confirmed', '2025-11-10 05:30:00+07', '2025-11-10 10:00:00+07', 'ระยองต้องออกเช้า'),

  ('d0000001-0000-0000-0000-000000000008', '2025-11-18',
   'บริษัท โรจนะ อุตสาหกรรม จำกัด', '035-111-222', '100 นิคมโรจนะ อยุธยา',
   'โรงงาน CHH', 'นิคมอุตสาหกรรม ไฮเทค', 14.3520000, 100.5686000,
   'c0000001-0000-0000-0000-000000000005',
   'a0000001-0000-0000-0000-000000000004', 'b0000001-0000-0000-0000-000000000001', null,
   'SO-2025-1103', 'แม่พิมพ์พลาสติก x20', 3500,
   'pod_confirmed', '2025-11-18 07:00:00+07', '2025-11-18 10:30:00+07', null),

  -- เดือน ธ.ค. 2025
  ('d0000001-0000-0000-0000-000000000009', '2025-12-05',
   'บริษัท สยามซีเมนต์ จำกัด', '02-111-2222', '123 ถ.สุขุมวิท สมุทรปราการ',
   'โรงงาน CHH', 'นิคมอุตสาหกรรม บางปู', 13.5150000, 100.6670000,
   'c0000001-0000-0000-0000-000000000001',
   'a0000001-0000-0000-0000-000000000001', 'b0000001-0000-0000-0000-000000000002', 'b0000001-0000-0000-0000-000000000007',
   'SO-2025-1201', 'ท่อ PVC 6นิ้ว x150, ข้อต่อ x800', 4100,
   'pod_confirmed', '2025-12-05 08:00:00+07', '2025-12-05 10:30:00+07', null),

  ('d0000001-0000-0000-0000-000000000010', '2025-12-12',
   'บริษัท มิตซูบิชิ อีเลคทริค จำกัด', '02-666-7777', '50 ถ.รามคำแหง กรุงเทพ',
   'โรงงาน CHH', 'โรงงานลูกค้า คลองหลวง', 14.0655000, 100.6452000,
   'c0000001-0000-0000-0000-000000000003',
   'a0000001-0000-0000-0000-000000000005', 'b0000001-0000-0000-0000-000000000004', null,
   'SO-2025-1202', 'อุปกรณ์ไฟฟ้า x1000', 1200,
   'pod_confirmed', '2025-12-12 09:00:00+07', '2025-12-12 11:00:00+07', 'ส่งด้วยรถกระบะ'),

  ('d0000001-0000-0000-0000-000000000011', '2025-12-20',
   'บริษัท ไทยพลาสติก จำกัด', '02-222-3333', '456 ถ.แจ้งวัฒนะ นนทบุรี',
   'โรงงาน CHH', 'ศูนย์กระจายสินค้า นนทบุรี', 13.8621000, 100.5144000,
   'c0000001-0000-0000-0000-000000000002',
   'a0000001-0000-0000-0000-000000000006', 'b0000001-0000-0000-0000-000000000001', null,
   'SO-2025-1203', 'เม็ดพลาสติก PP x50ถุง', 900,
   'cancelled', null, null, 'ลูกค้ายกเลิก - เลื่อนส่งเดือนหน้า'),

  -- เดือน ม.ค. 2026
  ('d0000001-0000-0000-0000-000000000012', '2026-01-08',
   'บริษัท ไทยซัมมิท จำกัด', '02-333-4444', '321 ถ.รังสิต-นครนายก คลองหลวง',
   'โรงงาน CHH', 'โรงงานลูกค้า คลองหลวง', 14.0655000, 100.6452000,
   'c0000001-0000-0000-0000-000000000003',
   'a0000001-0000-0000-0000-000000000004', 'b0000001-0000-0000-0000-000000000001', 'b0000001-0000-0000-0000-000000000006',
   'SO-2026-0101', 'ชิ้นส่วนยานยนต์ x500, แหวน x2000', 5100,
   'pod_confirmed', '2026-01-08 07:30:00+07', '2026-01-08 10:00:00+07', null),

  ('d0000001-0000-0000-0000-000000000013', '2026-01-15',
   'บริษัท เอส.พี.เมทัล จำกัด', '02-444-5555', '55/1 ถ.สุขุมวิท สมุทรปราการ',
   'โรงงาน CHH', 'นิคมอุตสาหกรรม บางปู', 13.5150000, 100.6670000,
   'c0000001-0000-0000-0000-000000000001',
   'a0000001-0000-0000-0000-000000000001', 'b0000001-0000-0000-0000-000000000002', 'b0000001-0000-0000-0000-000000000007',
   'SO-2026-0102', 'เหล็กแผ่น x120, สลักเกลียว x5000', 8200,
   'pod_confirmed', '2026-01-15 06:30:00+07', '2026-01-15 09:00:00+07', null),

  ('d0000001-0000-0000-0000-000000000014', '2026-01-22',
   'บริษัท เจริญโภคภัณฑ์ จำกัด', '02-555-6666', '888 ถ.สีลม กรุงเทพ',
   'โรงงาน CHH', 'โรงงานลูกค้า มหาชัย', 13.5475000, 100.2741000,
   'c0000001-0000-0000-0000-000000000006',
   'a0000001-0000-0000-0000-000000000002', 'b0000001-0000-0000-0000-000000000003', null,
   'SO-2026-0103', 'วัตถุดิบอาหารสัตว์ x200ถุง', 6000,
   'delivered', '2026-01-22 07:00:00+07', '2026-01-22 09:30:00+07', null),

  -- เดือน ก.พ. 2026
  ('d0000001-0000-0000-0000-000000000015', '2026-02-03',
   'บริษัท อมตะ อิเล็กทรอนิกส์ จำกัด', '038-111-222', '789 นิคมอมตะนคร ชลบุรี',
   'โรงงาน CHH', 'นิคมอุตสาหกรรม อมตะนคร', 13.2340000, 101.0000000,
   'c0000001-0000-0000-0000-000000000004',
   'a0000001-0000-0000-0000-000000000003', 'b0000001-0000-0000-0000-000000000003', 'b0000001-0000-0000-0000-000000000007',
   'SO-2026-0201', 'อะไหล่เครื่องจักร x80, มอเตอร์ x5', 7200,
   'delivered', '2026-02-03 06:00:00+07', '2026-02-03 11:00:00+07', null),

  ('d0000001-0000-0000-0000-000000000016', '2026-02-07',
   'บริษัท สยามซีเมนต์ จำกัด', '02-111-2222', '123 ถ.สุขุมวิท สมุทรปราการ',
   'โรงงาน CHH', 'นิคมอุตสาหกรรม บางปู', 13.5150000, 100.6670000,
   'c0000001-0000-0000-0000-000000000001',
   'a0000001-0000-0000-0000-000000000001', 'b0000001-0000-0000-0000-000000000001', 'b0000001-0000-0000-0000-000000000006',
   'SO-2026-0202', 'ข้อต่อทองเหลือง x2000, ท่อ PVC 2นิ้ว x500', 2800,
   'in_transit', '2026-02-07 08:00:00+07', null, 'กำลังจัดส่ง'),

  ('d0000001-0000-0000-0000-000000000017', '2026-02-10',
   'บริษัท ไทยออยล์ จำกัด', '038-222-333', '999 นิคมมาบตาพุด ระยอง',
   'โรงงาน CHH', 'นิคมอุตสาหกรรม มาบตาพุด', 12.6800000, 101.1550000,
   'c0000001-0000-0000-0000-000000000007',
   'a0000001-0000-0000-0000-000000000003', 'b0000001-0000-0000-0000-000000000003', 'b0000001-0000-0000-0000-000000000006',
   'SO-2026-0203', 'ปั๊มอุตสาหกรรม x10, วาล์ว x100', 9500,
   'dispatched', '2026-02-10 05:00:00+07', null, 'ออกจากโรงงานแล้ว'),

  ('d0000001-0000-0000-0000-000000000018', '2026-02-14',
   'บริษัท โรจนะ อุตสาหกรรม จำกัด', '035-111-222', '100 นิคมโรจนะ อยุธยา',
   'โรงงาน CHH', 'นิคมอุตสาหกรรม ไฮเทค', 14.3520000, 100.5686000,
   'c0000001-0000-0000-0000-000000000005',
   'a0000001-0000-0000-0000-000000000004', 'b0000001-0000-0000-0000-000000000004', null,
   'SO-2026-0204', 'เครื่องมือวัด x50, เซ็นเซอร์ x200', 1500,
   'confirmed', null, null, 'รอจัดส่ง 17 ก.พ.'),

  ('d0000001-0000-0000-0000-000000000019', '2026-02-16',
   'บริษัท มิตซูบิชิ อีเลคทริค จำกัด', '02-666-7777', '50 ถ.รามคำแหง กรุงเทพ',
   'โรงงาน CHH', 'โรงงานลูกค้า คลองหลวง', 14.0655000, 100.6452000,
   'c0000001-0000-0000-0000-000000000003',
   'a0000001-0000-0000-0000-000000000005', 'b0000001-0000-0000-0000-000000000001', null,
   'SO-2026-0205', 'ตู้ควบคุมไฟฟ้า x10', 800,
   'draft', null, null, 'รอยืนยันจากลูกค้า'),

  ('d0000001-0000-0000-0000-000000000020', '2026-02-16',
   'บริษัท ไทยพลาสติก จำกัด', '02-222-3333', '456 ถ.แจ้งวัฒนะ นนทบุรี',
   'โรงงาน CHH', 'ศูนย์กระจายสินค้า นนทบุรี', 13.8621000, 100.5144000,
   'c0000001-0000-0000-0000-000000000002',
   null, null, null,
   'SO-2026-0206', 'เม็ดพลาสติก ABS x30ถุง, PE x20ถุง', 1100,
   'draft', null, null, 'ยังไม่ได้จัดรถ');


-- =====================================================
-- 5. DELIVERIES (POD สำหรับ shipments ที่ส่งแล้ว)
-- =====================================================
insert into deliveries (
  "deliveryId", "deliveryShipmentId", "deliveryReceiverName", "deliveryReceiverPhone",
  "deliveryStatus", "deliveryDamageNotes", "deliveryReceivedAt", "deliveryNotes"
) values
  ('e0000001-0000-0000-0000-000000000001', 'd0000001-0000-0000-0000-000000000001',
   'คุณสมศักดิ์ ภักดี', '089-111-2222',
   'delivered_ok', null, '2025-09-05 10:45:00+07', 'รับสินค้าครบถ้วน'),

  ('e0000001-0000-0000-0000-000000000002', 'd0000001-0000-0000-0000-000000000002',
   'คุณวิภา รักสะอาด', '089-222-3333',
   'delivered_ok', null, '2025-09-12 09:30:00+07', null),

  ('e0000001-0000-0000-0000-000000000003', 'd0000001-0000-0000-0000-000000000003',
   'คุณจิรวัฒน์ ศรีสุข', '089-333-4444',
   'delivered_ok', null, '2025-10-03 11:30:00+07', 'ตรวจรับเรียบร้อย'),

  ('e0000001-0000-0000-0000-000000000004', 'd0000001-0000-0000-0000-000000000004',
   'คุณนภา ธนาเจริญ', '089-444-5555',
   'delivered_ok', null, '2025-10-15 10:15:00+07', null),

  ('e0000001-0000-0000-0000-000000000005', 'd0000001-0000-0000-0000-000000000005',
   'คุณอำนวย กิจการดี', '089-555-6666',
   'delivered_partial', 'ท่อเหล็กบางส่วนชำรุดจากการขนส่ง 5 ท่อน', '2025-10-22 09:45:00+07', 'ส่งชดเชยภายใน 3 วัน'),

  ('e0000001-0000-0000-0000-000000000006', 'd0000001-0000-0000-0000-000000000006',
   'คุณพรทิพย์ วัฒนา', '089-666-7777',
   'delivered_ok', null, '2025-11-02 10:00:00+07', null),

  ('e0000001-0000-0000-0000-000000000007', 'd0000001-0000-0000-0000-000000000007',
   'คุณธีรยุทธ อุตสาหะ', '089-777-8888',
   'delivered_ok', null, '2025-11-10 10:00:00+07', 'ผ่าน security check นิคมฯ'),

  ('e0000001-0000-0000-0000-000000000008', 'd0000001-0000-0000-0000-000000000008',
   'คุณสุรีย์ มงคล', '089-888-9999',
   'delivered_ok', null, '2025-11-18 10:30:00+07', null),

  ('e0000001-0000-0000-0000-000000000009', 'd0000001-0000-0000-0000-000000000009',
   'คุณสมศักดิ์ ภักดี', '089-111-2222',
   'delivered_ok', null, '2025-12-05 10:30:00+07', null),

  ('e0000001-0000-0000-0000-000000000010', 'd0000001-0000-0000-0000-000000000010',
   'คุณยูกิ ทานากะ', '089-999-0000',
   'delivered_ok', null, '2025-12-12 11:00:00+07', 'ส่งที่ dock 3'),

  ('e0000001-0000-0000-0000-000000000011', 'd0000001-0000-0000-0000-000000000012',
   'คุณนภา ธนาเจริญ', '089-444-5555',
   'delivered_ok', null, '2026-01-08 10:00:00+07', null),

  ('e0000001-0000-0000-0000-000000000012', 'd0000001-0000-0000-0000-000000000013',
   'คุณอำนวย กิจการดี', '089-555-6666',
   'delivered_ok', null, '2026-01-15 09:00:00+07', 'รับครบ ไม่มีเสียหาย'),

  ('e0000001-0000-0000-0000-000000000013', 'd0000001-0000-0000-0000-000000000014',
   'คุณวิไล ประเสริฐ', '089-000-1111',
   'delivered_damaged', 'กล่องวัตถุดิบเสียหายจากฝนตก 10 กล่อง', '2026-01-22 09:30:00+07', 'ทำเรื่องเคลมประกัน'),

  ('e0000001-0000-0000-0000-000000000014', 'd0000001-0000-0000-0000-000000000015',
   'คุณจิรวัฒน์ ศรีสุข', '089-333-4444',
   'delivered_ok', null, '2026-02-03 11:00:00+07', null),

  -- Pending delivery for in-transit shipment
  ('e0000001-0000-0000-0000-000000000015', 'd0000001-0000-0000-0000-000000000016',
   null, null,
   'pending', null, null, 'รอรับสินค้า');


-- =====================================================
-- 6. FUEL LOGS (30 รายการ - ย้อนหลัง 6 เดือน)
-- =====================================================
insert into "fuelLogs" (
  "fuelLogVehicleId", "fuelLogDriverId", "fuelLogDate", "fuelLogFuelType",
  "fuelLogLiters", "fuelLogPricePerLiter", "fuelLogTotalCost",
  "fuelLogMileage", "fuelLogStation", "fuelLogNotes"
) values
  -- ก.ย. 2025
  ('a0000001-0000-0000-0000-000000000001', 'b0000001-0000-0000-0000-000000000001', '2025-09-03', 'diesel',
   120, 29.89, 3586.80, 80100, 'PTT สาขาบางนา', null),
  ('a0000001-0000-0000-0000-000000000002', 'b0000001-0000-0000-0000-000000000002', '2025-09-05', 'diesel',
   100, 29.89, 2989.00, 57200, 'Shell สาขาแจ้งวัฒนะ', null),
  ('a0000001-0000-0000-0000-000000000003', 'b0000001-0000-0000-0000-000000000003', '2025-09-08', 'diesel',
   180, 29.89, 5380.20, 112000, 'PTT สาขามอเตอร์เวย์', 'เติมเต็มถัง'),

  -- ต.ค. 2025
  ('a0000001-0000-0000-0000-000000000001', 'b0000001-0000-0000-0000-000000000001', '2025-10-01', 'diesel',
   115, 30.14, 3466.10, 81500, 'PTT สาขาบางนา', null),
  ('a0000001-0000-0000-0000-000000000003', 'b0000001-0000-0000-0000-000000000003', '2025-10-02', 'diesel',
   170, 30.14, 5123.80, 114500, 'Bangchak สาขาชลบุรี', null),
  ('a0000001-0000-0000-0000-000000000004', 'b0000001-0000-0000-0000-000000000001', '2025-10-14', 'diesel',
   90, 30.14, 2712.60, 28000, 'PTT สาขารังสิต', null),
  ('a0000001-0000-0000-0000-000000000002', 'b0000001-0000-0000-0000-000000000002', '2025-10-20', 'diesel',
   105, 30.14, 3164.70, 58600, 'Shell สาขาบางนา', null),

  -- พ.ย. 2025
  ('a0000001-0000-0000-0000-000000000001', 'b0000001-0000-0000-0000-000000000002', '2025-11-01', 'diesel',
   120, 30.44, 3652.80, 82800, 'PTT สาขาบางนา', null),
  ('a0000001-0000-0000-0000-000000000003', 'b0000001-0000-0000-0000-000000000003', '2025-11-09', 'diesel',
   190, 30.44, 5783.60, 117000, 'PTT สาขามอเตอร์เวย์', 'สายระยอง เติมเต็ม'),
  ('a0000001-0000-0000-0000-000000000004', 'b0000001-0000-0000-0000-000000000001', '2025-11-17', 'diesel',
   85, 30.44, 2587.40, 29200, 'Shell สาขาอยุธยา', null),
  ('a0000001-0000-0000-0000-000000000002', 'b0000001-0000-0000-0000-000000000003', '2025-11-25', 'diesel',
   100, 30.44, 3044.00, 59800, 'PTT สาขาแจ้งวัฒนะ', null),
  ('a0000001-0000-0000-0000-000000000005', 'b0000001-0000-0000-0000-000000000004', '2025-11-28', 'diesel',
   50, 30.44, 1522.00, 26500, 'PTT สาขาบางนา', 'รถกระบะ ถังเล็ก'),

  -- ธ.ค. 2025
  ('a0000001-0000-0000-0000-000000000001', 'b0000001-0000-0000-0000-000000000001', '2025-12-04', 'diesel',
   125, 29.99, 3748.75, 84100, 'PTT สาขาบางนา', null),
  ('a0000001-0000-0000-0000-000000000003', 'b0000001-0000-0000-0000-000000000003', '2025-12-10', 'diesel',
   175, 29.99, 5248.25, 119200, 'Bangchak สาขาชลบุรี', null),
  ('a0000001-0000-0000-0000-000000000006', 'b0000001-0000-0000-0000-000000000001', '2025-12-15', 'diesel',
   70, 29.99, 2099.30, 53500, 'PTT สาขาพระราม 2', null),
  ('a0000001-0000-0000-0000-000000000002', 'b0000001-0000-0000-0000-000000000002', '2025-12-18', 'diesel',
   110, 29.99, 3298.90, 61000, 'Shell สาขาบางนา', null),
  ('a0000001-0000-0000-0000-000000000005', 'b0000001-0000-0000-0000-000000000004', '2025-12-22', 'diesel',
   45, 29.99, 1349.55, 27800, 'PTT สาขาบางนา', null),

  -- ม.ค. 2026
  ('a0000001-0000-0000-0000-000000000001', 'b0000001-0000-0000-0000-000000000002', '2026-01-07', 'diesel',
   120, 30.29, 3634.80, 85200, 'PTT สาขาบางนา', null),
  ('a0000001-0000-0000-0000-000000000003', 'b0000001-0000-0000-0000-000000000003', '2026-01-10', 'diesel',
   180, 30.29, 5452.20, 120500, 'PTT สาขามอเตอร์เวย์', null),
  ('a0000001-0000-0000-0000-000000000004', 'b0000001-0000-0000-0000-000000000001', '2026-01-14', 'diesel',
   95, 30.29, 2877.55, 30200, 'Shell สาขารังสิต', null),
  ('a0000001-0000-0000-0000-000000000002', 'b0000001-0000-0000-0000-000000000003', '2026-01-20', 'diesel',
   100, 30.29, 3029.00, 62300, 'Shell สาขาบางนา', null),
  ('a0000001-0000-0000-0000-000000000006', 'b0000001-0000-0000-0000-000000000001', '2026-01-25', 'diesel',
   75, 30.29, 2271.75, 55000, 'PTT สาขาพระราม 2', null),
  ('a0000001-0000-0000-0000-000000000005', 'b0000001-0000-0000-0000-000000000001', '2026-01-28', 'diesel',
   48, 30.29, 1453.92, 28500, 'PTT สาขาบางนา', null),

  -- ก.พ. 2026
  ('a0000001-0000-0000-0000-000000000001', 'b0000001-0000-0000-0000-000000000001', '2026-02-03', 'diesel',
   130, 30.54, 3970.20, 86500, 'PTT สาขาบางนา', null),
  ('a0000001-0000-0000-0000-000000000003', 'b0000001-0000-0000-0000-000000000003', '2026-02-05', 'diesel',
   185, 30.54, 5649.90, 122000, 'Bangchak สาขาชลบุรี', 'สายชลบุรี-ระยอง'),
  ('a0000001-0000-0000-0000-000000000002', 'b0000001-0000-0000-0000-000000000002', '2026-02-10', 'diesel',
   110, 30.54, 3359.40, 63500, 'PTT สาขาแจ้งวัฒนะ', null),
  ('a0000001-0000-0000-0000-000000000004', 'b0000001-0000-0000-0000-000000000004', '2026-02-12', 'diesel',
   90, 30.54, 2748.60, 31000, 'Shell สาขาอยุธยา', null);


-- =====================================================
-- 7. MAINTENANCES (15 รายการ)
-- =====================================================
insert into maintenances (
  "maintenanceVehicleId", "maintenanceType", "maintenanceDescription", "maintenanceDate",
  "maintenanceCompletedDate", "maintenanceMileage", "maintenanceCost", "maintenanceVendor",
  "maintenanceStatus", "maintenanceNextDueDate", "maintenanceNextDueMileage", "maintenanceNotes"
) values
  -- Completed
  ('a0000001-0000-0000-0000-000000000001', 'oil_change', 'เปลี่ยนถ่ายน้ำมันเครื่อง + ไส้กรอง', '2025-09-10',
   '2025-09-10', 80500, 3500, 'อู่ช่างสมชาย บางนา',
   'completed', '2025-12-10', 90500, null),

  ('a0000001-0000-0000-0000-000000000002', 'tire', 'เปลี่ยนยางหน้า 2 เส้น', '2025-09-20',
   '2025-09-20', 57500, 12000, 'ร้านยาง B-Quik สาขาศรีนครินทร์',
   'completed', null, null, 'ยี่ห้อ Bridgestone R168'),

  ('a0000001-0000-0000-0000-000000000003', 'preventive', 'ตรวจเช็คระยะ 110,000 กม. - เบรก, คลัตช์, ช่วงล่าง', '2025-10-05',
   '2025-10-06', 110000, 8500, 'ศูนย์บริการ HINO สาขาบางนา',
   'completed', '2026-04-05', 130000, 'ผ่านทุกรายการ สภาพดี'),

  ('a0000001-0000-0000-0000-000000000001', 'repair', 'ซ่อมระบบแอร์ - คอมเพรสเซอร์เสีย', '2025-10-25',
   '2025-10-27', 82000, 15000, 'อู่แอร์ Cool Tech บางนา',
   'completed', null, null, 'เปลี่ยนคอมเพรสเซอร์ใหม่'),

  ('a0000001-0000-0000-0000-000000000004', 'oil_change', 'เปลี่ยนถ่ายน้ำมันเครื่อง + ไส้กรอง', '2025-11-05',
   '2025-11-05', 29000, 3200, 'ศูนย์บริการ HINO สาขาบางนา',
   'completed', '2026-02-05', 39000, null),

  ('a0000001-0000-0000-0000-000000000003', 'oil_change', 'เปลี่ยนถ่ายน้ำมันเครื่อง + ไส้กรอง + น้ำมันเกียร์', '2025-11-20',
   '2025-11-20', 117500, 5500, 'ศูนย์บริการ HINO สาขาบางนา',
   'completed', '2026-02-20', 127500, null),

  ('a0000001-0000-0000-0000-000000000005', 'inspection', 'ตรวจสภาพรถประจำปี + ต่อ พ.ร.บ.', '2025-12-01',
   '2025-12-01', 27000, 2500, 'สถานตรวจสภาพรถ นิว เทค',
   'completed', '2026-12-01', null, 'ผ่านการตรวจสภาพ'),

  ('a0000001-0000-0000-0000-000000000001', 'oil_change', 'เปลี่ยนถ่ายน้ำมันเครื่อง + ไส้กรอง', '2025-12-15',
   '2025-12-15', 84500, 3500, 'อู่ช่างสมชาย บางนา',
   'completed', '2026-03-15', 94500, null),

  ('a0000001-0000-0000-0000-000000000002', 'preventive', 'ตรวจเช็คระยะ 60,000 กม.', '2026-01-10',
   '2026-01-11', 60000, 6800, 'ศูนย์บริการ ISUZU สาขาศรีนครินทร์',
   'completed', '2026-07-10', 80000, 'เปลี่ยนผ้าเบรกหลัง'),

  ('a0000001-0000-0000-0000-000000000006', 'repair', 'ซ่อมระบบไฟฟ้า - ไดชาร์จเสีย', '2026-01-20',
   '2026-01-22', 55500, 8500, 'อู่ช่างไฟฟ้ารถยนต์ พี แอนด์ พี',
   'completed', null, null, 'เปลี่ยนไดชาร์จใหม่ + สายพาน'),

  -- In Progress (vehicle 7 - maintenance status)
  ('a0000001-0000-0000-0000-000000000007', 'repair', 'ซ่อมระบบเบรก - ผ้าเบรกหมด + ดิสก์สึก', '2026-02-10',
   null, 198000, 25000, 'ศูนย์บริการ ISUZU สาขาบางนา',
   'in_progress', null, null, 'รออะไหล่ดิสก์เบรก คาดเสร็จ 18 ก.พ.'),

  -- Scheduled (upcoming)
  ('a0000001-0000-0000-0000-000000000001', 'oil_change', 'เปลี่ยนถ่ายน้ำมันเครื่อง ครั้งถัดไป', '2026-03-15',
   null, null, 3500, 'อู่ช่างสมชาย บางนา',
   'scheduled', '2026-06-15', 104500, null),

  ('a0000001-0000-0000-0000-000000000003', 'preventive', 'ตรวจเช็คระยะ 130,000 กม.', '2026-03-01',
   null, null, null, 'ศูนย์บริการ HINO สาขาบางนา',
   'scheduled', null, 130000, 'นัดไว้ 1 มี.ค.'),

  ('a0000001-0000-0000-0000-000000000004', 'oil_change', 'เปลี่ยนถ่ายน้ำมันเครื่อง + ไส้กรอง', '2026-02-20',
   null, null, 3200, 'ศูนย์บริการ HINO สาขาบางนา',
   'scheduled', '2026-05-20', 41000, 'เลยกำหนดจาก 5 ก.พ.'),

  ('a0000001-0000-0000-0000-000000000002', 'tire', 'เปลี่ยนยางหลัง 4 เส้น (ล้อคู่)', '2026-03-10',
   null, null, 24000, 'ร้านยาง B-Quik สาขาศรีนครินทร์',
   'scheduled', null, null, 'ยางหลังสึกใกล้หมดดอก');


-- =====================================================
-- 8. GPS LOGS (ข้อมูล tracking - จำลองเส้นทาง)
-- =====================================================

-- รถ 1: เส้นทาง โรงงาน → สมุทรปราการ (วันนี้)
insert into "gpsLogs" (
  "gpsLogVehicleId", "gpsLogShipmentId", "gpsLogLatitude", "gpsLogLongitude",
  "gpsLogSpeed", "gpsLogHeading", "gpsLogSource", "gpsLogRecordedAt"
) values
  ('a0000001-0000-0000-0000-000000000001', 'd0000001-0000-0000-0000-000000000016',
   13.6700000, 100.6400000, 0, 180, 'manual', '2026-02-16 08:00:00+07'),
  ('a0000001-0000-0000-0000-000000000001', 'd0000001-0000-0000-0000-000000000016',
   13.6550000, 100.6420000, 45, 185, 'manual', '2026-02-16 08:10:00+07'),
  ('a0000001-0000-0000-0000-000000000001', 'd0000001-0000-0000-0000-000000000016',
   13.6350000, 100.6450000, 60, 190, 'manual', '2026-02-16 08:20:00+07'),
  ('a0000001-0000-0000-0000-000000000001', 'd0000001-0000-0000-0000-000000000016',
   13.6100000, 100.6480000, 55, 188, 'manual', '2026-02-16 08:30:00+07'),
  ('a0000001-0000-0000-0000-000000000001', 'd0000001-0000-0000-0000-000000000016',
   13.5800000, 100.6520000, 50, 185, 'manual', '2026-02-16 08:40:00+07'),
  ('a0000001-0000-0000-0000-000000000001', 'd0000001-0000-0000-0000-000000000016',
   13.5500000, 100.6580000, 40, 175, 'manual', '2026-02-16 08:50:00+07'),
  ('a0000001-0000-0000-0000-000000000001', 'd0000001-0000-0000-0000-000000000016',
   13.5300000, 100.6620000, 30, 170, 'manual', '2026-02-16 09:00:00+07'),
  ('a0000001-0000-0000-0000-000000000001', 'd0000001-0000-0000-0000-000000000016',
   13.5150000, 100.6670000, 0, 0, 'manual', '2026-02-16 09:10:00+07'),

-- รถ 2: อยู่ที่ นนทบุรี (กำลังส่งของ)
  ('a0000001-0000-0000-0000-000000000002', null,
   13.8200000, 100.5300000, 35, 320, 'manual', '2026-02-16 07:30:00+07'),
  ('a0000001-0000-0000-0000-000000000002', null,
   13.8400000, 100.5200000, 40, 330, 'manual', '2026-02-16 07:45:00+07'),
  ('a0000001-0000-0000-0000-000000000002', null,
   13.8550000, 100.5150000, 25, 340, 'manual', '2026-02-16 08:00:00+07'),
  ('a0000001-0000-0000-0000-000000000002', null,
   13.8621000, 100.5144000, 0, 0, 'manual', '2026-02-16 08:15:00+07'),

-- รถ 3: เส้นทาง → ชลบุรี (dispatched)
  ('a0000001-0000-0000-0000-000000000003', 'd0000001-0000-0000-0000-000000000017',
   13.6700000, 100.6400000, 0, 150, 'manual', '2026-02-16 05:00:00+07'),
  ('a0000001-0000-0000-0000-000000000003', 'd0000001-0000-0000-0000-000000000017',
   13.6200000, 100.6800000, 70, 135, 'manual', '2026-02-16 05:20:00+07'),
  ('a0000001-0000-0000-0000-000000000003', 'd0000001-0000-0000-0000-000000000017',
   13.5500000, 100.7500000, 80, 130, 'manual', '2026-02-16 05:45:00+07'),
  ('a0000001-0000-0000-0000-000000000003', 'd0000001-0000-0000-0000-000000000017',
   13.4800000, 100.8200000, 85, 125, 'manual', '2026-02-16 06:10:00+07'),
  ('a0000001-0000-0000-0000-000000000003', 'd0000001-0000-0000-0000-000000000017',
   13.4000000, 100.8800000, 90, 120, 'manual', '2026-02-16 06:35:00+07'),
  ('a0000001-0000-0000-0000-000000000003', 'd0000001-0000-0000-0000-000000000017',
   13.3200000, 100.9500000, 75, 125, 'manual', '2026-02-16 07:00:00+07'),
  ('a0000001-0000-0000-0000-000000000003', 'd0000001-0000-0000-0000-000000000017',
   13.2800000, 100.9800000, 60, 130, 'manual', '2026-02-16 07:20:00+07'),

-- รถ 4: จอดอยู่โรงงาน (available)
  ('a0000001-0000-0000-0000-000000000004', null,
   13.6700000, 100.6400000, 0, 0, 'manual', '2026-02-16 07:00:00+07'),

-- รถ 5: จอดอยู่โรงงาน (available)
  ('a0000001-0000-0000-0000-000000000005', null,
   13.6705000, 100.6395000, 0, 0, 'manual', '2026-02-16 07:00:00+07'),

-- รถ 6: กำลังวิ่งสาย พระราม 2 (in_use)
  ('a0000001-0000-0000-0000-000000000006', null,
   13.6500000, 100.5000000, 50, 250, 'manual', '2026-02-16 07:00:00+07'),
  ('a0000001-0000-0000-0000-000000000006', null,
   13.6200000, 100.4500000, 55, 245, 'manual', '2026-02-16 07:20:00+07'),
  ('a0000001-0000-0000-0000-000000000006', null,
   13.5900000, 100.3800000, 45, 240, 'manual', '2026-02-16 07:40:00+07'),

-- รถ 3: GPS logs ย้อนหลัง (เมื่อวาน - สำหรับ route history)
  ('a0000001-0000-0000-0000-000000000003', null,
   13.6700000, 100.6400000, 0, 150, 'manual', '2026-02-15 06:00:00+07'),
  ('a0000001-0000-0000-0000-000000000003', null,
   13.5800000, 100.7200000, 75, 135, 'manual', '2026-02-15 06:30:00+07'),
  ('a0000001-0000-0000-0000-000000000003', null,
   13.4500000, 100.8500000, 85, 125, 'manual', '2026-02-15 07:00:00+07'),
  ('a0000001-0000-0000-0000-000000000003', null,
   13.3000000, 100.9600000, 80, 130, 'manual', '2026-02-15 07:30:00+07'),
  ('a0000001-0000-0000-0000-000000000003', null,
   13.2340000, 101.0000000, 0, 0, 'manual', '2026-02-15 08:00:00+07'),
  ('a0000001-0000-0000-0000-000000000003', null,
   13.3000000, 100.9600000, 70, 310, 'manual', '2026-02-15 10:00:00+07'),
  ('a0000001-0000-0000-0000-000000000003', null,
   13.4500000, 100.8500000, 80, 305, 'manual', '2026-02-15 10:30:00+07'),
  ('a0000001-0000-0000-0000-000000000003', null,
   13.5800000, 100.7200000, 75, 315, 'manual', '2026-02-15 11:00:00+07'),
  ('a0000001-0000-0000-0000-000000000003', null,
   13.6700000, 100.6400000, 0, 0, 'manual', '2026-02-15 11:30:00+07');


-- =====================================================
-- สรุปข้อมูล Seed Data
-- =====================================================
-- vehicles:     8 คัน (available 4, in_use 2, maintenance 1, retired 1)
-- drivers:      8 คน (available 3, on_duty 2, on_leave 1, inactive 1, + 1 assistant available)
-- routes:       8 เส้นทาง (active 7, inactive 1)
-- shipments:    20 รายการ (pod_confirmed 10, delivered 3, in_transit 1, dispatched 1, confirmed 1, draft 2, cancelled 1)
-- deliveries:   15 รายการ (delivered_ok 12, delivered_partial 1, delivered_damaged 1, pending 1)
-- fuelLogs:     26 รายการ (ก.ย.2025 - ก.พ.2026)
-- maintenances: 15 รายการ (completed 10, in_progress 1, scheduled 4)
-- gpsLogs:      33 รายการ (รถ 6 คัน + route history)
-- =====================================================
